local_path,bytes,sha256
/mnt/data/atam_scale_definitive/atam_25M_bf16.pt,50079435,d4b4ef608079a45a2cb7bac0ad92f66367ba4239e9c0949663baeae4ad2f8e39
/mnt/data/atam_scale_definitive/atam_50M_bf16.pt,101461171,272763b3625d438ed1f0b40d14ce05bee95b43ad9244b3ae2167c6bb584dfe84
/mnt/data/atam_scale_definitive/atam_75M_bf16.pt,148481599,81e001b0660cc9158443d37656a84c2e08edd63af00ec034e89a56c169654bca
/mnt/data/atam_scale_definitive/transformer_25M_bf16.pt,49928329,3684102eb5dc949e4c25c44262eb476ef09f8901f1dc8ec4bbf5bcc878564e99
/mnt/data/atam_scale_definitive/transformer_50M_bf16.pt,101173753,008cfc2d2e80536d7c039766899711c38b9777209c6744bd10fc91e285ac6868
/mnt/data/atam_scale_definitive/transformer_75M_bf16.pt,148073889,e71583c6c9833ecfdee26f42f9cb9e451c7e5028822b391c5fe300f3c424151d
/mnt/data/tam_threeway_quick/tam_25M_bf16.pt,50030409,7d52fb852eba91eb27c3cc3e74106800632c6153bb8bab77ffcd947c0ce68d74
/mnt/data/tam_threeway_quick/tam_50M_bf16.pt,101347881,bc93ac8cc7ca0b9bbd6be61fd41d070291d781d9c2052b153002cb9ae5ab761e
/mnt/data/tam_threeway_quick/tam_75M_bf16.pt,148306233,146665a1aaaba387ca5a531cf2874ad66e798d7de0b4fbcf8b9e6bd1faa39dcf
